id,name,path
1,WooCommerce Dashboard,WP Admin &gt; WooCommerce &gt; Dashboard
2,Order List,WP Admin &gt; WooCommerce &gt; Orders
3,New Manual Order,WP Admin &gt; WooCommerce &gt; Orders &gt; Button - Add Order (Top Left)
4,Order Details Page,WP Admin &gt; WooCommerce &gt; Orders &gt; Click Order #
5,Order Notes,WP Admin &gt; WooCommerce &gt; Orders &gt; Click Order # &gt; Find - Order Notes (Right side)
6,Coupons,WP Admin &gt; Marketing &gt; Coupons
7,Add Coupon,WP Admin &gt; Marketing &gt; Coupons &gt; Button - Add Coupon (Top Left)
8,Customer List,WP Admin &gt; WooCommerce &gt; Customers
9,Reports,WP Admin &gt; WooCommerce &gt; Reports
10,Order Reports,WP Admin &gt; WooCommerce &gt; Reports &gt; Order
11,Customer Reports,WP Admin &gt; WooCommerce &gt; Reports &gt; Customers
12,Stock Reports,WP Admin &gt; WooCommerce &gt; Reports &gt; Stock
13,General Settings,WP Admin &gt; WooCommerce &gt; Settings &gt; General
14,Store Address,WP Admin &gt; WooCommerce &gt; Settings &gt; General &gt; Store Address
15,Selling location(s),WP Admin &gt; WooCommerce &gt; Settings &gt; General &gt; General options &gt; Selling location(s)
16,Sell to all countries,WP Admin &gt; WooCommerce &gt; Settings &gt; General &gt; General options &gt; Selling location(s) &gt; Select - Sell to all countries
17,"Sell to all countries, except for..","WP Admin &gt; WooCommerce &gt; Settings &gt; General &gt; General options &gt; Selling location(s) &gt; Select - Sell to all countries, except for.."
18,Sell to Specific Countries,WP Admin &gt; WooCommerce &gt; Settings &gt; General &gt; General options &gt; Selling location(s) &gt; Select - Sell to Specific Countries
19,Shipping location(s),WP Admin &gt; WooCommerce &gt; Settings &gt; General &gt; General options &gt; Shipping location(s)
20,Ship to all countries you sell to,WP Admin &gt; WooCommerce &gt; Settings &gt; General &gt; General options &gt; Shipping location(s) &gt; Select - Ship to all countries you sell to
21,Ship to all countries,WP Admin &gt; WooCommerce &gt; Settings &gt; General &gt; General options &gt; Shipping location(s) &gt; Select - Ship to all countries
22,Disable shipping and shipping Calculations,WP Admin &gt; WooCommerce &gt; Settings &gt; General &gt; General options &gt; Shipping location(s) &gt; Select - Disable shipping and shipping Calculations
23,Default customer location,WP Admin &gt; WooCommerce &gt; Settings &gt; General &gt; General options &gt; Default customer location
24,Default customer location - Shop base address,WP Admin &gt; WooCommerce &gt; Settings &gt; General &gt; General options &gt; Default customer location &gt; Shop base address
25,Default customer location - No location by default,WP Admin &gt; WooCommerce &gt; Settings &gt; General &gt; General options &gt; Default customer location &gt; No location by default
26,Default customer location - Geolocate,WP Admin &gt; WooCommerce &gt; Settings &gt; General &gt; General options &gt; Default customer location &gt; Geolocate
27,Cust. Location - Geolocate (with page caching support),WP Admin &gt; WooCommerce &gt; Settings &gt; General &gt; General options &gt; Default customer location &gt; Geolocate (with page caching support)
28,Enable taxes,WP Admin &gt; WooCommerce &gt; Settings &gt; Check - Enable tax rates and calculations
29,Disable taxes,WP Admin &gt; WooCommerce &gt; Settings &gt; Uncheck - Enable tax rates and calculations
30,Enable coupons,WP Admin &gt; WooCommerce &gt; Settings &gt; Check - Enable the use of coupon codes
31,Disable coupons,WP Admin &gt; WooCommerce &gt; Settings &gt; Uncheck - Enable the use of coupon codes
32,Calculate coupon discounts sequentially,WP Admin &gt; WooCommerce &gt; Settings &gt; Check - Calculate coupon discounts sequentially
33,Don&apos;t Calculate coupon discounts sequentially,WP Admin &gt; WooCommerce &gt; Settings &gt; Uncheck - Calculate coupon discounts sequentially
34,Currency options,WP Admin &gt; WooCommerce &gt; Settings &gt; Currency options
35,Select Currency,WP Admin &gt; WooCommerce &gt; Settings &gt; Currency options &gt; Select - Currency
36,Currency position,WP Admin &gt; WooCommerce &gt; Settings &gt; Currency options &gt; Currency position
37,Currency position - Left,WP Admin &gt; WooCommerce &gt; Settings &gt; Currency options &gt; Select - Currency position - Left
38,Currency position - Right,WP Admin &gt; WooCommerce &gt; Settings &gt; Currency options &gt; Select - Currency position - Right
39,Currency position - Left with space,WP Admin &gt; WooCommerce &gt; Settings &gt; Currency options &gt; Select - Currency position - Left with space
40,Currency position - Right with space,WP Admin &gt; WooCommerce &gt; Settings &gt; Currency options &gt; Select - Currency position - Right with space
41,Currency - Thousand separator,WP Admin &gt; WooCommerce &gt; Settings &gt; Currency options &gt; Thousand separator &gt; Define - Delimiter
42,Currency - Decimal separator,WP Admin &gt; WooCommerce &gt; Settings &gt; Currency options &gt; Decimal separator &gt; Define - Delimiter
43,Currency - Number of decimals,WP Admin &gt; WooCommerce &gt; Settings &gt; Currency options &gt; Number of decimals &gt; Enter #
44,Products,WP Admin &gt; WooCommerce &gt; Settings &gt; Products
45,Products - General,WP Admin &gt; WooCommerce &gt; Settings &gt; Products &gt; General
46,Shop pages - Shop page,WP Admin &gt; WooCommerce &gt; Settings &gt; Products &gt; General &gt; Shop pages &gt; Select - Shop page
47,Add to cart behaviour - Redirect to cart,WP Admin &gt; WooCommerce &gt; Settings &gt; Products &gt; General &gt; Shop pages &gt; Add to cart behaviour &gt; Check - Redirect to the cart page after successful addition
48,Add to cart behaviour - Don&apos;t Redirect to cart,WP Admin &gt; WooCommerce &gt; Settings &gt; Products &gt; General &gt; Shop pages &gt; Add to cart behaviour &gt; Uncheck - Redirect to the cart page after successful addition
49,Disable AJAX add to cart buttons on archives,WP Admin &gt; WooCommerce &gt; Settings &gt; Products &gt; General &gt; Shop pages &gt; Add to cart behaviour &gt; Uncheck - Enable AJAX add to cart buttons on archives
50,Enable AJAX add to cart buttons on archives,WP Admin &gt; WooCommerce &gt; Settings &gt; Products &gt; General &gt; Shop pages &gt; Add to cart behaviour &gt; Check - Enable AJAX add to cart buttons on archives
51,Shop pages - Placeholder image,WP Admin &gt; WooCommerce &gt; Settings &gt; Products &gt; General &gt; Shop pages &gt; Placeholder image &gt; Define - attachment id for the placeholder image
52,Measurements - Weight unit,WP Admin &gt; WooCommerce &gt; Settings &gt; Products &gt; General &gt; Measurements &gt; Select - Weight unit
53,Measurements - Dimensions unit,WP Admin &gt; WooCommerce &gt; Settings &gt; Products &gt; General &gt; Measurements &gt; Select - Dimension unit
54,Reviews,WP Admin &gt; WooCommerce &gt; Settings &gt; Products &gt; General &gt; Reviews
55,Reviews - Enable product reviews,WP Admin &gt; WooCommerce &gt; Settings &gt; Products &gt; General &gt; Reviews &gt; Check - Enable product reviews
56,Hide &quot;verified owner&quot; label on customer reviews,WP Admin &gt; WooCommerce &gt; Settings &gt; Products &gt; General &gt; Reviews &gt; Enable Reviews &gt; Uncheck - Show &quot;verified owner&quot; label on customer reviews
57,Show &quot;verified owner&quot; label on customer reviews,WP Admin &gt; WooCommerce &gt; Settings &gt; Products &gt; General &gt; Reviews &gt; Enable Reviews &gt; Check - Show &quot;verified owner&quot; label on customer reviews
58,Reviews - Reviews can be left by anyone,WP Admin &gt; WooCommerce &gt; Settings &gt; Products &gt; General &gt; Reviews &gt; Enable Reviews &gt; Uncheck - Reviews can only be left by &quot;verified owners&quot;
59,Reviews - Reviews can only be left by &quot;verified owners&quot;,WP Admin &gt; WooCommerce &gt; Settings &gt; Products &gt; General &gt; Reviews &gt; Enable Reviews &gt; Check - Reviews can only be left by &quot;verified owners&quot;
60,Reviews - Product ratings,WP Admin &gt; WooCommerce &gt; Settings &gt; Products &gt; General &gt; Reviews &gt; Product ratings
61,Product ratings - Enable star rating on reviews,WP Admin &gt; WooCommerce &gt; Settings &gt; Products &gt; General &gt; Reviews &gt; Product ratings &gt; Check - Enable star rating on reviews
62,Product ratings - Disable star rating on reviews,WP Admin &gt; WooCommerce &gt; Settings &gt; Products &gt; General &gt; Reviews &gt; Product ratings &gt; Uncheck - Enable star rating on reviews
63,"Star ratings should be required, not optional","WP Admin &gt; WooCommerce &gt; Settings &gt; Products &gt; General &gt; Reviews &gt; Product ratings &gt; Check - Star ratings should be required, not optional"
64,Product ratings - Star ratings should be optional,"WP Admin &gt; WooCommerce &gt; Settings &gt; Products &gt; General &gt; Reviews &gt; Product ratings &gt; Uncheck - Star ratings should be required, not optional"
65,Inventory Settings,WP Admin &gt; WooCommerce &gt; Settings &gt; Products &gt; Inventory
66,Manage stock,WP Admin &gt; WooCommerce &gt; Settings &gt; Products &gt; Inventory &gt; Manage stock &gt; Check - Enable stock management
67,Disable Stock Management,WP Admin &gt; WooCommerce &gt; Settings &gt; Products &gt; Inventory &gt; Manage stock &gt; Uncheck - Enable stock management
68,Hold stock (minutes),WP Admin &gt; WooCommerce &gt; Settings &gt; Products &gt; Inventory &gt; Hold stock (minutes) &gt; Define - Hold Stock in minutes
69,Inverntory Notification - Enable low stock notifications,WP Admin &gt; WooCommerce &gt; Settings &gt; Products &gt; Inventory &gt; Notifications &gt; Check - Enable low stock notifications
70,Inverntory Notification - Disable low stock notifications,WP Admin &gt; WooCommerce &gt; Settings &gt; Products &gt; Inventory &gt; Notifications &gt; Uncheck - Enable low stock notifications
71,Inverntory Notification - Enable out of stock notifications,WP Admin &gt; WooCommerce &gt; Settings &gt; Products &gt; Inventory &gt; Notifications &gt; Check - Enable out of stock notifications
72,Inverntory Notification - Disable out of stock notifications,WP Admin &gt; WooCommerce &gt; Settings &gt; Products &gt; Inventory &gt; Notifications &gt; Uncheck - Enable out of stock notifications
73,Inverntory Notification recipient(s),WP Admin &gt; WooCommerce &gt; Settings &gt; Products &gt; Inventory &gt; Notification recipient(s) &gt; Define - Recipient email address (CSV)
74,Inverntory Notification - Low stock threshold,WP Admin &gt; WooCommerce &gt; Settings &gt; Products &gt; Inventory &gt; Low stock threshold &gt; Define - threshold # at which point you need to be notified
75,Inverntory Notification - Out of stock threshold,WP Admin &gt; WooCommerce &gt; Settings &gt; Products &gt; Inventory &gt; Out of stock threshold &gt; Define - threshold # at which point you need to be notified
76,Out of stock visibility,WP Admin &gt; WooCommerce &gt; Settings &gt; Products &gt; Inventory &gt; Out of stock visibility &gt; Hide out of stock items from the catalog
77,Always show quantity remaining in stock,WP Admin &gt; WooCommerce &gt; Settings &gt; Products &gt; Inventory &gt; Stock display format &gt; Select - Always show quantity remaining in stock e.g. &quot;12 in stock&quot;
78,Only show quantity remaining in stock,WP Admin &gt; WooCommerce &gt; Settings &gt; Products &gt; Inventory &gt; Stock display format &gt; Select - Only show quantity remaining in stock when low e.g. &quot;Only 2 left in stock&quot;
79,Never show quantity remaining in stock,WP Admin &gt; WooCommerce &gt; Settings &gt; Products &gt; Inventory &gt; Stock display format &gt; Select - Never show quantity remaining in stock
80,Downloadable products,WP Admin &gt; WooCommerce &gt; Settings &gt; Products &gt; Downloadable products
81,File download method - Force downloads,WP Admin &gt; WooCommerce &gt; Settings &gt; Products &gt; Downloadable products &gt; File download method &gt; Force downloads
82,File download method - X-Accel-Redirect/X-Sendfile,WP Admin &gt; WooCommerce &gt; Settings &gt; Products &gt; Downloadable products &gt; File download method &gt; X-Accel-Redirect/X-Sendfile
83,File download method - Redirect only (Insecure),WP Admin &gt; WooCommerce &gt; Settings &gt; Products &gt; Downloadable products &gt; File download method &gt; Redirect only (Insecure)
84,Access restriction - Downloads require login,WP Admin &gt; WooCommerce &gt; Settings &gt; Products &gt; Downloadable products &gt; Access restriction &gt; Check - Downloads require login
85,Access restriction - Downloads don&apos;t require login,WP Admin &gt; WooCommerce &gt; Settings &gt; Products &gt; Downloadable products &gt; Access restriction &gt; Uncheck - Downloads require login
86,Grant access to downloadable products after payment,WP Admin &gt; WooCommerce &gt; Settings &gt; Products &gt; Downloadable products &gt; Access restriction &gt; Check - Grant access to downloadable products after payment
87,Access downloadable products after status Completed,WP Admin &gt; WooCommerce &gt; Settings &gt; Products &gt; Downloadable products &gt; Access restriction &gt; Uncheck - Grant access to downloadable products after payment
88,Filename - Append Strings,WP Admin &gt; WooCommerce &gt; Settings &gt; Products &gt; Downloadable products &gt; Filename &gt; Check - Append a unique string to filename for security
89,Filename - Don&apos;t Append Strings,WP Admin &gt; WooCommerce &gt; Settings &gt; Products &gt; Downloadable products &gt; Filename &gt; Uncheck - Append a unique string to filename for security
90,Tax,WP Admin &gt; WooCommerce &gt; Settings &gt; Tax
91,Tax options - prices inclusive of tax,"WP Admin &gt; WooCommerce &gt; Settings &gt; Tax &gt; Tax options &gt; Select - Yes, I will enter prices inclusive of tax"
92,Tax options - prices exclusive of tax,"WP Admin &gt; WooCommerce &gt; Settings &gt; Tax &gt; Tax options &gt; Select - No, I will enter prices exclusive of tax"
93,Calculate tax based on - Customer shipping address,WP Admin &gt; WooCommerce &gt; Settings &gt; Tax &gt; Tax options &gt; Calculate tax based on &gt; Select - Customer shipping address
94,Calculate tax based on - Customer billing address,WP Admin &gt; WooCommerce &gt; Settings &gt; Tax &gt; Tax options &gt; Calculate tax based on &gt; Select - Customer billing address
95,Calculate tax based on - Shop base address,WP Admin &gt; WooCommerce &gt; Settings &gt; Tax &gt; Tax options &gt; Calculate tax based on &gt; Select - Shop base address
96,Tax Rounding - Tax at subtotal level,"WP Admin &gt; WooCommerce &gt; Settings &gt; Tax &gt; Tax options &gt; Tax Rounding &gt; Check - Round tax at subtotal level, instead of rounding per line"
97,Tax Rounding - Tax rounding per line,"WP Admin &gt; WooCommerce &gt; Settings &gt; Tax &gt; Tax options &gt; Tax Rounding &gt; Uncheck - Round tax at subtotal level, instead of rounding per line"
98,Additional tax classes,"WP Admin &gt; WooCommerce &gt; Settings &gt; Tax &gt; Tax options &gt; Additional tax classes &gt; List - Additional Tax classes you need, in addition to Standard Rates"
99,Display prices in the shop - Excluding Tax,WP Admin &gt; WooCommerce &gt; Settings &gt; Tax &gt; Tax options &gt; Display prices in the shop &gt; Select - Excluding Tax
100,Display prices in the shop - Including Tax,WP Admin &gt; WooCommerce &gt; Settings &gt; Tax &gt; Tax options &gt; Display prices in the shop &gt; Select - Including Tax
101,Display prices during cart and checkout - Excluding Tax,WP Admin &gt; WooCommerce &gt; Settings &gt; Tax &gt; Tax options &gt; Display prices during cart and checkout &gt; Select - Excluding Tax
102,Display prices during cart and checkout - Including Tax,WP Admin &gt; WooCommerce &gt; Settings &gt; Tax &gt; Tax options &gt; Display prices during cart and checkout &gt; Select - Including Tax
103,Price display suffix,WP Admin &gt; WooCommerce &gt; Settings &gt; Tax &gt; Tax options &gt; Price display suffix &gt; Define - Text to show after product prices
104,Display tax totals - Itemized,WP Admin &gt; WooCommerce &gt; Settings &gt; Tax &gt; Tax options &gt; Display tax totals &gt; Itemized
105,Display tax totals - As a single total,WP Admin &gt; WooCommerce &gt; Settings &gt; Tax &gt; Tax options &gt; Display tax totals &gt; As a single total
106,Standard rates,WP Admin &gt; WooCommerce &gt; Settings &gt; Tax &gt; Standard rates
107,Reduced rate rates,WP Admin &gt; WooCommerce &gt; Settings &gt; Tax &gt; Reduced rate rates
108,Zero rate rates,WP Admin &gt; WooCommerce &gt; Settings &gt; Tax &gt; Zero rate rates
109,Payment methods,WP Admin &gt; WooCommerce &gt; Settings &gt; Payments
110,Direct bank transfer,WP Admin &gt; WooCommerce &gt; Settings &gt; Payments &gt; Direct bank transfer
111,Direct bank transfer - Enable,WP Admin &gt; WooCommerce &gt; Settings &gt; Payments &gt; Direct bank transfer &gt; Check - Enable bank transfer
112,Direct bank transfer - Disable,WP Admin &gt; WooCommerce &gt; Settings &gt; Payments &gt; Direct bank transfer &gt; Uncheck - Enable bank transfer
113,Direct bank transfer - Title,WP Admin &gt; WooCommerce &gt; Settings &gt; Payments &gt; Direct bank transfer &gt; Define - Title
114,Direct bank transfer - Description,WP Admin &gt; WooCommerce &gt; Settings &gt; Payments &gt; Direct bank transfer &gt; Define - Description
115,Direct bank transfer - Instructions,WP Admin &gt; WooCommerce &gt; Settings &gt; Payments &gt; Direct bank transfer &gt; Define - Instructions
116,Direct bank transfer - Account details,WP Admin &gt; WooCommerce &gt; Settings &gt; Payments &gt; Direct bank transfer &gt; Define - Account details
117,Check payments,WP Admin &gt; WooCommerce &gt; Settings &gt; Payments &gt; Check payments
118,Check payments - Enable,WP Admin &gt; WooCommerce &gt; Settings &gt; Payments &gt; Check payments &gt; Check - Enable Check payments
119,Check payments - Disable,WP Admin &gt; WooCommerce &gt; Settings &gt; Payments &gt; Check payments &gt; Uncheck - Enable Check payments
120,Check payments - Title,WP Admin &gt; WooCommerce &gt; Settings &gt; Payments &gt; Check payments &gt; Define - Title
121,Check payments - Description,WP Admin &gt; WooCommerce &gt; Settings &gt; Payments &gt; Check payments &gt; Define - Description
122,Check payments - Instructions,WP Admin &gt; WooCommerce &gt; Settings &gt; Payments &gt; Check payments &gt; Define - Instructions
123,Cash on delivery,WP Admin &gt; WooCommerce &gt; Settings &gt; Payments &gt; Cash on delivery
124,Cash on delivery - Enable,WP Admin &gt; WooCommerce &gt; Settings &gt; Payments &gt; Cash on delivery &gt; Check - Enable Cash on delivery
125,Cash on delivery - Disable,WP Admin &gt; WooCommerce &gt; Settings &gt; Payments &gt; Cash on delivery &gt; Uncheck - Enable Cash on delivery
126,Cash on delivery - Title,WP Admin &gt; WooCommerce &gt; Settings &gt; Payments &gt; Cash on delivery &gt; Define - Title
127,Cash on delivery - Description,WP Admin &gt; WooCommerce &gt; Settings &gt; Payments &gt; Cash on delivery &gt; Define - Description
128,Cash on delivery - Instructions,WP Admin &gt; WooCommerce &gt; Settings &gt; Payments &gt; Cash on delivery &gt; Define - Instructions
129,Cash on delivery - Accept for virtual orders,WP Admin &gt; WooCommerce &gt; Settings &gt; Payments &gt; Cash on delivery &gt; Accept for virtual orders &gt; Check - Accept COD if the order is virtual
130,Cash on delivery - Don&apos;t enable for virtual orders,WP Admin &gt; WooCommerce &gt; Settings &gt; Payments &gt; Cash on delivery &gt; Accept for virtual orders &gt; Uncheck - Accept COD if the order is virtual
131,Cash on delivery - Enable for shipping methods,WP Admin &gt; WooCommerce &gt; Settings &gt; Payments &gt; Cash on delivery &gt; Enable for shipping methods &gt; Select - All defined shipping methods where COD is valid
132,PayPal Standard,WP Admin &gt; WooCommerce &gt; Settings &gt; Payments &gt; PayPal
133,PayPal Standard - Enable,WP Admin &gt; WooCommerce &gt; Settings &gt; Payments &gt; PayPal &gt; Check - Enable PayPal
134,PayPal Standard - Disable,WP Admin &gt; WooCommerce &gt; Settings &gt; Payments &gt; PayPal &gt; Uncheck - Enable PayPal
135,PayPal Standard - Title,WP Admin &gt; WooCommerce &gt; Settings &gt; Payments &gt; PayPal &gt; Define - Title
136,PayPal Standard - Description,WP Admin &gt; WooCommerce &gt; Settings &gt; Payments &gt; PayPal &gt; Define - Description
137,PayPal Standard - PayPal Email,WP Admin &gt; WooCommerce &gt; Settings &gt; Payments &gt; PayPal &gt; PayPal email &gt; Define - Email address to receive payment
138,PayPal Standard - Enable PayPal sandbox,WP Admin &gt; WooCommerce &gt; Settings &gt; Payments &gt; PayPal &gt; PayPal sandbox &gt; Check - Enable PayPal sandbox
139,PayPal Standard - Enable PayPal live,WP Admin &gt; WooCommerce &gt; Settings &gt; Payments &gt; PayPal &gt; PayPal sandbox &gt; Uncheck - Enable PayPal sandbox
140,PayPal Standard - Debug log,WP Admin &gt; WooCommerce &gt; Settings &gt; Payments &gt; PayPal &gt; Debug log &gt; Check - Enable logging
141,PayPal Standard - Disable Debug log,WP Admin &gt; WooCommerce &gt; Settings &gt; Payments &gt; PayPal &gt; Debug log &gt; Uncheck - Enable logging
142,PayPal Standard - IPN Email Notifications,WP Admin &gt; WooCommerce &gt; Settings &gt; Payments &gt; PayPal &gt; Check - Enable IPN Email Notifications
143,PayPal Standard - Disable IPN Email Notifications,WP Admin &gt; WooCommerce &gt; Settings &gt; Payments &gt; PayPal &gt; Uncheck - Enable IPN Email Notifications
144,PayPal Standard - Receiver email,WP Admin &gt; WooCommerce &gt; Settings &gt; Payments &gt; PayPal &gt; Receiver email &gt; Define - Email address on PayPal Account
145,PayPal Standard - PayPal identity token,WP Admin &gt; WooCommerce &gt; Settings &gt; Payments &gt; PayPal &gt; PayPal identity token &gt; Define - PayPal Identity token from PayPal account for Payment Data Transfer (PDT)
146,PayPal Standard - Invoice prefix,WP Admin &gt; WooCommerce &gt; Settings &gt; Payments &gt; PayPal &gt; Invoice prefix &gt; Define - Invoice prefix for PayPal invoice numbers
147,PayPal Standard - Shipping details,WP Admin &gt; WooCommerce &gt; Settings &gt; Payments &gt; PayPal &gt; Shipping details &gt; Check - Send shipping details to PayPal instead of billing
148,PayPal Standard - Disable Shipping details,WP Admin &gt; WooCommerce &gt; Settings &gt; Payments &gt; PayPal &gt; Shipping details &gt; Uncheck - Send shipping details to PayPal instead of billing
149,PayPal Standard - Address override,WP Admin &gt; WooCommerce &gt; Settings &gt; Payments &gt; PayPal &gt; Address override &gt; Check - Enable &quot;address_override&quot; to prevent address information from being changed
150,PayPal Standard - Disable Address override,WP Admin &gt; WooCommerce &gt; Settings &gt; Payments &gt; PayPal &gt; Address override &gt; Uncheck - Enable &quot;address_override&quot; to prevent address information from being changed
151,PayPal Standard - Payment action Capture,WP Admin &gt; WooCommerce &gt; Settings &gt; Payments &gt; PayPal &gt; Payment action &gt; Select - Capture
152,PayPal Standard - Payment action Authorize,WP Admin &gt; WooCommerce &gt; Settings &gt; Payments &gt; PayPal &gt; Payment action &gt; Select - Authorize
153,PayPal Standard - Page style,WP Admin &gt; WooCommerce &gt; Settings &gt; Payments &gt; PayPal &gt; Page style &gt; Define - Page Style defined in PayPal account
154,PayPal Standard - Image url,WP Admin &gt; WooCommerce &gt; Settings &gt; Payments &gt; PayPal &gt; Image url &gt; Define image URL (150*150) to be displayed in PayPal Checkout pages
155,PayPal Standard - Live API username,WP Admin &gt; WooCommerce &gt; Settings &gt; Payments &gt; PayPal &gt; API credentials &gt; Define - Live API username
156,PayPal Standard - Live API password,WP Admin &gt; WooCommerce &gt; Settings &gt; Payments &gt; PayPal &gt; API credentials &gt; Define - Live API password
157,PayPal Standard - Live API signature,WP Admin &gt; WooCommerce &gt; Settings &gt; Payments &gt; PayPal &gt; API credentials &gt; Define - Live API signature
158,PayPal Standard - Sandbox API username,WP Admin &gt; WooCommerce &gt; Settings &gt; Payments &gt; PayPal &gt; API credentials &gt; Define - Sandbox API username
159,PayPal Standard - Sandbox API password,WP Admin &gt; WooCommerce &gt; Settings &gt; Payments &gt; PayPal &gt; API credentials &gt; Define - Sandbox API password
160,PayPal Standard - Sandbox API signature,WP Admin &gt; WooCommerce &gt; Settings &gt; Payments &gt; PayPal &gt; API credentials &gt; Define - Sandbox API signature
161,Shipping,WP Admin &gt; WooCommerce &gt; Settings &gt; Shipping
162,Shipping zones,WP Admin &gt; WooCommerce &gt; Settings &gt; Shipping &gt; Shipping zones
163,Add Shipping zone,WP Admin &gt; WooCommerce &gt; Settings &gt; Shipping &gt; Shipping zones &gt; Add shipping zone
164,Enable the shipping calculator on the cart page,WP Admin &gt; WooCommerce &gt; Settings &gt; Shipping &gt; Shipping Options &gt; Calculations &gt; Check - Enable the shipping calculator on the cart page
165,Disable the shipping calculator on the cart page,WP Admin &gt; WooCommerce &gt; Settings &gt; Shipping &gt; Shipping Options &gt; Calculations &gt; Uncheck - Enable the shipping calculator on the cart page
166,Hide shipping costs until an address is entered,WP Admin &gt; WooCommerce &gt; Settings &gt; Shipping &gt; Shipping Options &gt; Calculations &gt; Check - Hide shipping costs until an address is entered
167,Show shipping costs before an address is entered,WP Admin &gt; WooCommerce &gt; Settings &gt; Shipping &gt; Shipping Options &gt; Calculations &gt; Uncheck - Hide shipping costs until an address is entered
168,Default to customer shipping address,WP Admin &gt; WooCommerce &gt; Settings &gt; Shipping &gt; Shipping Options &gt; Shipping destination &gt; Select - Default to customer shipping address
169,Default to customer billing address,WP Admin &gt; WooCommerce &gt; Settings &gt; Shipping &gt; Shipping Options &gt; Shipping destination &gt; Select - Default to customer billing address
170,Force shipping to the customer billing address,WP Admin &gt; WooCommerce &gt; Settings &gt; Shipping &gt; Shipping Options &gt; Shipping destination &gt; Select - Force shipping to the customer billing address
171,Shipping - Enable Logging,WP Admin &gt; WooCommerce &gt; Settings &gt; Shipping &gt; Shipping Options &gt; Debug mode &gt; Check - Enable debug mode
172,Shipping - Disable Logging,WP Admin &gt; WooCommerce &gt; Settings &gt; Shipping &gt; Shipping Options &gt; Debug mode &gt; Uncheck - Enable debug mode
173,Shipping classes,WP Admin &gt; WooCommerce &gt; Settings &gt; Shipping &gt; Shipping classes
174,Add Shipping class,WP Admin &gt; WooCommerce &gt; Settings &gt; Shipping &gt; Shipping classes &gt; Add Shipping class
175,Accounts &amp; Privacy,WP Admin &gt; WooCommerce &gt; Settings &gt; Accounts &amp; Privacy
176,Allow customers to place orders without an account,WP Admin &gt; WooCommerce &gt; Settings &gt; Accounts &amp; Privacy &gt; Guest checkout &gt; Check - Allow customers to place orders without an account
177,Don&apos;t allow customers place orders without an account,WP Admin &gt; WooCommerce &gt; Settings &gt; Accounts &amp; Privacy &gt; Guest checkout &gt; Uncheck - Allow customers to place orders without an account
178,Checkout Page - Allow customers log in,WP Admin &gt; WooCommerce &gt; Settings &gt; Accounts &amp; Privacy &gt; Guest checkout &gt; Check - Allow customers to log into an existing account during checkout
179,Guest Checkout - Prevent log-in from checkout page,WP Admin &gt; WooCommerce &gt; Settings &gt; Accounts &amp; Privacy &gt; Guest checkout &gt; Uncheck - Allow customers to log into an existing account during checkout
180,Allow customers to create an account during checkout,WP Admin &gt; WooCommerce &gt; Settings &gt; Accounts &amp; Privacy &gt; Account creation &gt; Check - Allow customers to create an account during checkout
181,Don&apos;t allow customers create account during checkout,WP Admin &gt; WooCommerce &gt; Settings &gt; Accounts &amp; Privacy &gt; Account creation &gt; Uncheck - Allow customers to create an account during checkout
182,My account page - Allow customers create account,WP Admin &gt; WooCommerce &gt; Settings &gt; Accounts &amp; Privacy &gt; Account creation &gt; Check - Allow customers to create an account on the &quot;My account&quot; page
183,My account page - Don&apos;t allow customer create account,WP Admin &gt; WooCommerce &gt; Settings &gt; Accounts &amp; Privacy &gt; Account creation &gt; Uncheck - Allow customers to create an account on the &quot;My account&quot; page
184,Generate an account username for the customer,"WP Admin &gt; WooCommerce &gt; Settings &gt; Accounts &amp; Privacy &gt; Account creation &gt; Check - When creating an account, automatically generate an account username for the customer based on their name, surname or email"
185,Don&apos;t Generate an account username for the customer,"WP Admin &gt; WooCommerce &gt; Settings &gt; Accounts &amp; Privacy &gt; Account creation &gt; Uncheck - When creating an account, automatically generate an account username for the customer based on their name, surname or email"
186,Automatically generate account password,"WP Admin &gt; WooCommerce &gt; Settings &gt; Accounts &amp; Privacy &gt; Account creation &gt; Check - When creating an account, automatically generate an account password"
187,Don&apos;t Automatically generate account password,"WP Admin &gt; WooCommerce &gt; Settings &gt; Accounts &amp; Privacy &gt; Account creation &gt; Uncheck - When creating an account, automatically generate an account password"
188,Remove personal data from orders on request,WP Admin &gt; WooCommerce &gt; Settings &gt; Accounts &amp; Privacy &gt; Account erasure requests &gt; Check - Remove personal data from orders on request
189,Disable Removal of personal data from orders,WP Admin &gt; WooCommerce &gt; Settings &gt; Accounts &amp; Privacy &gt; Account erasure requests &gt; Uncheck - Remove personal data from orders on request
190,Remove access to downloads on request,WP Admin &gt; WooCommerce &gt; Settings &gt; Accounts &amp; Privacy &gt; Account erasure requests &gt; Check - Remove access to downloads on request
191,Don&apos;t Remove access to downloads on request,WP Admin &gt; WooCommerce &gt; Settings &gt; Accounts &amp; Privacy &gt; Account erasure requests &gt; Uncheck - Remove access to downloads on request
192,Allow personal data to be removed in bulk from orders,WP Admin &gt; WooCommerce &gt; Settings &gt; Accounts &amp; Privacy &gt; Personal data removal &gt; Check - Allow personal data to be removed in bulk from orders
193,Don&apos;t Allow personal data removed in bulk from orders,WP Admin &gt; WooCommerce &gt; Settings &gt; Accounts &amp; Privacy &gt; Personal data removal &gt; Uncheck - Allow personal data to be removed in bulk from orders
194,Privacy policy - Privacy page,WP Admin &gt; WooCommerce &gt; Settings &gt; Accounts &amp; Privacy &gt; Privacy policy &gt; Select - Privacy page
195,Privacy policy - Registration privacy policy,WP Admin &gt; WooCommerce &gt; Settings &gt; Accounts &amp; Privacy &gt; Privacy policy &gt; Registration privacy policy &gt; Define - Policy to be shown on account registration forms
196,Privacy policy - Checkout privacy policy,WP Admin &gt; WooCommerce &gt; Settings &gt; Accounts &amp; Privacy &gt; Privacy policy &gt; Checkout privacy policy &gt; Define - Policy to be shown on checkout page
197,Personal data retention - Retain inactive accounts,WP Admin &gt; WooCommerce &gt; Settings &gt; Accounts &amp; Privacy &gt; Privacy policy &gt; Personal data retention &gt; Retain inactive accounts &gt; Define - time limit
198,Personal data retention - Retain pending orders,WP Admin &gt; WooCommerce &gt; Settings &gt; Accounts &amp; Privacy &gt; Privacy policy &gt; Personal data retention &gt; Retain pending orders &gt; Define - time limit
199,Personal data retention - Retain failed orders,WP Admin &gt; WooCommerce &gt; Settings &gt; Accounts &amp; Privacy &gt; Privacy policy &gt; Personal data retention &gt; Retain failed orders &gt; Define - time limit
200,Personal data retention - Retain cancelled orders,WP Admin &gt; WooCommerce &gt; Settings &gt; Accounts &amp; Privacy &gt; Privacy policy &gt; Personal data retention &gt; Retain cancelled orders &gt; Define - time limit
201,Email notifications,WP Admin &gt; WooCommerce &gt; Settings &gt; Emails
202,New Order Email,WP Admin &gt; WooCommerce &gt; Settings &gt; Emails &gt; New Order
203,New Order - Enable this email notification,WP Admin &gt; WooCommerce &gt; Settings &gt; Emails &gt; New Order &gt; Check - Enable this email notification
204,New Order - Disable this email notification,WP Admin &gt; WooCommerce &gt; Settings &gt; Emails &gt; New Order &gt; Uncheck - Enable this email notification
205,New Order - Recipient(s),WP Admin &gt; WooCommerce &gt; Settings &gt; Emails &gt; New Order &gt; Recipient(s) &gt; Define - Email addresses that need to be notified (CSV)
206,New Order - Subject,WP Admin &gt; WooCommerce &gt; Settings &gt; Emails &gt; New Order &gt; Subject &gt; Define - Subject of Email notification
207,New Order - Email heading,WP Admin &gt; WooCommerce &gt; Settings &gt; Emails &gt; New Order &gt; Email heading &gt; Define - Email heading
208,New Order - Additional content,WP Admin &gt; WooCommerce &gt; Settings &gt; Emails &gt; New Order &gt; Additional content &gt; Define - Text to enter below main email content
209,New Order - Email type - HTML,WP Admin &gt; WooCommerce &gt; Settings &gt; Emails &gt; New Order &gt; Email type &gt; Select - Email type HTML
210,New Order - Email type - Plain text,WP Admin &gt; WooCommerce &gt; Settings &gt; Emails &gt; New Order &gt; Email type &gt; Select - Email type Plain text
211,New Order - View Template,WP Admin &gt; WooCommerce &gt; Settings &gt; Emails &gt; New Order &gt; HTML template &gt; Click - View Template
212,New Order - Custom Template,WP Admin &gt; WooCommerce &gt; Settings &gt; Emails &gt; New Order &gt; HTML template &gt; Click - Copy file to theme &gt; Edit the template on-screen
213,Cancelled Order Email,WP Admin &gt; WooCommerce &gt; Settings &gt; Emails &gt; Cancelled Order
214,Cancelled Order - Enable this email notification,WP Admin &gt; WooCommerce &gt; Settings &gt; Emails &gt; Cancelled Order &gt; Check - Enable this email notification
215,Cancelled Order - Disable this email notification,WP Admin &gt; WooCommerce &gt; Settings &gt; Emails &gt; Cancelled Order &gt; Uncheck - Enable this email notification
216,Cancelled Order - Recipient(s),WP Admin &gt; WooCommerce &gt; Settings &gt; Emails &gt; Cancelled Order &gt; Recipient(s) &gt; Define - Email addresses that need to be notified (CSV)
217,Cancelled Order - Subject,WP Admin &gt; WooCommerce &gt; Settings &gt; Emails &gt; Cancelled Order &gt; Subject &gt; Define - Subject of Email notification
218,Cancelled Order - Email heading,WP Admin &gt; WooCommerce &gt; Settings &gt; Emails &gt; Cancelled Order &gt; Email heading &gt; Define - Email heading
219,Cancelled Order - Additional content,WP Admin &gt; WooCommerce &gt; Settings &gt; Emails &gt; Cancelled Order &gt; Additional content &gt; Define - Text to enter below main email content
220,Cancelled Order - Email type - HTML,WP Admin &gt; WooCommerce &gt; Settings &gt; Emails &gt; Cancelled Order &gt; Email type &gt; Select - Email type HTML
221,Cancelled Order - Email type - Plain text,WP Admin &gt; WooCommerce &gt; Settings &gt; Emails &gt; Cancelled Order &gt; Email type &gt; Select - Email type Plain text
222,Cancelled Order - View Template,WP Admin &gt; WooCommerce &gt; Settings &gt; Emails &gt; Cancelled Order &gt; HTML template &gt; Click - View Template
223,Cancelled Order - Custom Template,WP Admin &gt; WooCommerce &gt; Settings &gt; Emails &gt; Cancelled Order &gt; HTML template &gt; Click - Copy file to theme &gt; Edit the template on-screen
224,Failed Order Email,WP Admin &gt; WooCommerce &gt; Settings &gt; Emails &gt; Failed Order
225,Failed Order - Enable this email notification,WP Admin &gt; WooCommerce &gt; Settings &gt; Emails &gt; Failed Order &gt; Check - Enable this email notification
226,Failed Order - Disable this email notification,WP Admin &gt; WooCommerce &gt; Settings &gt; Emails &gt; Failed Order &gt; Uncheck - Enable this email notification
227,Failed Order - Recipient(s),WP Admin &gt; WooCommerce &gt; Settings &gt; Emails &gt; Failed Order &gt; Recipient(s) &gt; Define - Email addresses that need to be notified (CSV)
228,Failed Order - Subject,WP Admin &gt; WooCommerce &gt; Settings &gt; Emails &gt; Failed Order &gt; Subject &gt; Define - Subject of Email notification
229,Failed Order - Email heading,WP Admin &gt; WooCommerce &gt; Settings &gt; Emails &gt; Failed Order &gt; Email heading &gt; Define - Email heading
230,Failed Order - Additional content,WP Admin &gt; WooCommerce &gt; Settings &gt; Emails &gt; Failed Order &gt; Additional content &gt; Define - Text to enter below main email content
231,Failed Order - Email type - HTML,WP Admin &gt; WooCommerce &gt; Settings &gt; Emails &gt; Failed Order &gt; Email type &gt; Select - Email type HTML
232,Failed Order - Email type - Plain text,WP Admin &gt; WooCommerce &gt; Settings &gt; Emails &gt; Failed Order &gt; Email type &gt; Select - Email type Plain text
233,Failed Order - View Template,WP Admin &gt; WooCommerce &gt; Settings &gt; Emails &gt; Failed Order &gt; HTML template &gt; Click - View Template
234,Failed Order - Custom Template,WP Admin &gt; WooCommerce &gt; Settings &gt; Emails &gt; Failed Order &gt; HTML template &gt; Click - Copy file to theme &gt; Edit the template on-screen
235,Order on-hold Email,WP Admin &gt; WooCommerce &gt; Settings &gt; Emails &gt; Order on-hold
236,Order on-hold - Enable this email notification,WP Admin &gt; WooCommerce &gt; Settings &gt; Emails &gt; Order on-hold &gt; Check - Enable this email notification
237,Order on-hold - Disable this email notification,WP Admin &gt; WooCommerce &gt; Settings &gt; Emails &gt; Order on-hold &gt; Uncheck - Enable this email notification
238,Order on-hold - Subject,WP Admin &gt; WooCommerce &gt; Settings &gt; Emails &gt; Order on-hold &gt; Subject &gt; Define - Subject of Email notification
239,Order on-hold - Email heading,WP Admin &gt; WooCommerce &gt; Settings &gt; Emails &gt; Order on-hold &gt; Email heading &gt; Define - Email heading
240,Order on-hold - Additional content,WP Admin &gt; WooCommerce &gt; Settings &gt; Emails &gt; Order on-hold &gt; Additional content &gt; Define - Text to enter below main email content
241,Order on-hold - Email type - HTML,WP Admin &gt; WooCommerce &gt; Settings &gt; Emails &gt; Order on-hold &gt; Email type &gt; Select - Email type HTML
242,Order on-hold - Email type - Plain text,WP Admin &gt; WooCommerce &gt; Settings &gt; Emails &gt; Order on-hold &gt; Email type &gt; Select - Email type Plain text
243,Order on-hold - View Template,WP Admin &gt; WooCommerce &gt; Settings &gt; Emails &gt; Order on-hold &gt; HTML template &gt; Click - View Template
244,Order on-hold - Custom Template,WP Admin &gt; WooCommerce &gt; Settings &gt; Emails &gt; Order on-hold &gt; HTML template &gt; Click - Copy file to theme &gt; Edit the template on-screen
245,Processing order Email,WP Admin &gt; WooCommerce &gt; Settings &gt; Emails &gt; Processing order
246,Processing order - Enable this email notification,WP Admin &gt; WooCommerce &gt; Settings &gt; Emails &gt; Processing order &gt; Check - Enable this email notification
247,Processing order - Disable this email notification,WP Admin &gt; WooCommerce &gt; Settings &gt; Emails &gt; Processing order &gt; Uncheck - Enable this email notification
248,Processing order - Subject,WP Admin &gt; WooCommerce &gt; Settings &gt; Emails &gt; Processing order &gt; Subject &gt; Define - Subject of Email notification
249,Processing order - Email heading,WP Admin &gt; WooCommerce &gt; Settings &gt; Emails &gt; Processing order &gt; Email heading &gt; Define - Email heading
250,Processing order - Additional content,WP Admin &gt; WooCommerce &gt; Settings &gt; Emails &gt; Processing order &gt; Additional content &gt; Define - Text to enter below main email content
251,Processing order - Email type - HTML,WP Admin &gt; WooCommerce &gt; Settings &gt; Emails &gt; Processing order &gt; Email type &gt; Select - Email type HTML
252,Processing order - Email type - Plain text,WP Admin &gt; WooCommerce &gt; Settings &gt; Emails &gt; Processing order &gt; Email type &gt; Select - Email type Plain text
253,Processing order - View Template,WP Admin &gt; WooCommerce &gt; Settings &gt; Emails &gt; Processing order &gt; HTML template &gt; Click - View Template
254,Processing order - Custom Template,WP Admin &gt; WooCommerce &gt; Settings &gt; Emails &gt; Processing order &gt; HTML template &gt; Click - Copy file to theme &gt; Edit the template on-screen
255,Completed order Email,WP Admin &gt; WooCommerce &gt; Settings &gt; Emails &gt; Customer invoice / Order details
256,Completed order - Enable this email notification,WP Admin &gt; WooCommerce &gt; Settings &gt; Emails &gt; Customer invoice / Order details &gt; Check - Enable this email notification
257,Completed order - Disable this email notification,WP Admin &gt; WooCommerce &gt; Settings &gt; Emails &gt; Customer invoice / Order details &gt; Uncheck - Enable this email notification
258,Completed order - Subject,WP Admin &gt; WooCommerce &gt; Settings &gt; Emails &gt; Customer invoice / Order details &gt; Subject &gt; Define - Subject of Email notification
259,Completed order - Email heading,WP Admin &gt; WooCommerce &gt; Settings &gt; Emails &gt; Customer invoice / Order details &gt; Email heading &gt; Define - Email heading
260,Completed order - Additional content,WP Admin &gt; WooCommerce &gt; Settings &gt; Emails &gt; Customer invoice / Order details &gt; Additional content &gt; Define - Text to enter below main email content
261,Completed order - Email type - HTML,WP Admin &gt; WooCommerce &gt; Settings &gt; Emails &gt; Customer invoice / Order details &gt; Email type &gt; Select - Email type HTML
262,Completed order - Email type - Plain text,WP Admin &gt; WooCommerce &gt; Settings &gt; Emails &gt; Customer invoice / Order details &gt; Email type &gt; Select - Email type Plain text
263,Completed order - View Template,WP Admin &gt; WooCommerce &gt; Settings &gt; Emails &gt; Customer invoice / Order details &gt; HTML template &gt; Click - View Template
264,Completed order - Custom Template,WP Admin &gt; WooCommerce &gt; Settings &gt; Emails &gt; Customer invoice / Order details &gt; HTML template &gt; Click - Copy file to theme &gt; Edit the template on-screen
265,Refunded order Email,WP Admin &gt; WooCommerce &gt; Settings &gt; Emails &gt; Refunded order
266,Refunded order - Enable this email notification,WP Admin &gt; WooCommerce &gt; Settings &gt; Emails &gt; Refunded order &gt; Check - Enable this email notification
267,Refunded order - Disable this email notification,WP Admin &gt; WooCommerce &gt; Settings &gt; Emails &gt; Refunded order &gt; Uncheck - Enable this email notification
268,Refunded order - Full refund subject,WP Admin &gt; WooCommerce &gt; Settings &gt; Emails &gt; Refunded order &gt; Full refund subject &gt; Define - Full refund subject
269,Refunded order - Partial refund subject,WP Admin &gt; WooCommerce &gt; Settings &gt; Emails &gt; Refunded order &gt; Partial refund subject &gt; Define - Partial refund subject
270,Refunded order - Full refund email heading,WP Admin &gt; WooCommerce &gt; Settings &gt; Emails &gt; Refunded order &gt; Full refund email heading &gt; Define - Full refund email heading
271,Refunded order - Partial refund email heading,WP Admin &gt; WooCommerce &gt; Settings &gt; Emails &gt; Refunded order &gt; Partial refund email heading &gt; Define - Partial refund email heading
272,Refunded order - Additional content,WP Admin &gt; WooCommerce &gt; Settings &gt; Emails &gt; Refunded order &gt; Additional content &gt; Define - Text to enter below main email content
273,Refunded order - Email type - HTML,WP Admin &gt; WooCommerce &gt; Settings &gt; Emails &gt; Refunded order &gt; Email type &gt; Select - Email type HTML
274,Refunded order - Email type - Plain text,WP Admin &gt; WooCommerce &gt; Settings &gt; Emails &gt; Refunded order &gt; Email type &gt; Select - Email type Plain text
275,Refunded order - View Template,WP Admin &gt; WooCommerce &gt; Settings &gt; Emails &gt; Refunded order &gt; HTML template &gt; Click - View Template
276,Refunded order - Custom Template,WP Admin &gt; WooCommerce &gt; Settings &gt; Emails &gt; Refunded order &gt; HTML template &gt; Click - Copy file to theme &gt; Edit the template on-screen
277,Invoice / Order details,WP Admin &gt; WooCommerce &gt; Settings &gt; Emails &gt; Customer invoice / Order details
278,Invoice / Order details - Enable this email notification,WP Admin &gt; WooCommerce &gt; Settings &gt; Emails &gt; Customer invoice / Order details &gt; Check - Enable this email notification
279,Invoice / Order details - Disable this email notification,WP Admin &gt; WooCommerce &gt; Settings &gt; Emails &gt; Customer invoice / Order details &gt; Uncheck - Enable this email notification
280,Invoice / Order details - Subject,WP Admin &gt; WooCommerce &gt; Settings &gt; Emails &gt; Customer invoice / Order details &gt; Subject &gt; Define - Subject of Email notification
281,Invoice / Order details - Subject (paid),WP Admin &gt; WooCommerce &gt; Settings &gt; Emails &gt; Customer invoice / Order details &gt; Subject (paid) &gt; Define - Subject of Email notification for paid orders
282,Invoice / Order details - Email heading,WP Admin &gt; WooCommerce &gt; Settings &gt; Emails &gt; Customer invoice / Order details &gt; Email heading &gt; Define - Email heading
283,Invoice / Order details - Email heading (paid),WP Admin &gt; WooCommerce &gt; Settings &gt; Emails &gt; Customer invoice / Order details &gt; Email heading (paid) &gt; Define - Email heading for paid orders
284,Invoice / Order details - Additional content,WP Admin &gt; WooCommerce &gt; Settings &gt; Emails &gt; Customer invoice / Order details &gt; Additional content &gt; Define - Text to enter below main email content
285,Invoice / Order details - Email type - HTML,WP Admin &gt; WooCommerce &gt; Settings &gt; Emails &gt; Customer invoice / Order details &gt; Email type &gt; Select - Email type HTML
286,Invoice / Order details - Email type - Plain text,WP Admin &gt; WooCommerce &gt; Settings &gt; Emails &gt; Customer invoice / Order details &gt; Email type &gt; Select - Email type Plain text
287,Invoice / Order details - View Template,WP Admin &gt; WooCommerce &gt; Settings &gt; Emails &gt; Customer invoice / Order details &gt; HTML template &gt; Click - View Template
288,Invoice / Order details - Custom Template,WP Admin &gt; WooCommerce &gt; Settings &gt; Emails &gt; Customer invoice / Order details &gt; HTML template &gt; Click - Copy file to theme &gt; Edit the template on-screen
289,Customer Note Email,WP Admin &gt; WooCommerce &gt; Settings &gt; Emails &gt; Customer Note
290,Customer Note - Enable this email notification,WP Admin &gt; WooCommerce &gt; Settings &gt; Emails &gt; Customer Note &gt; Check - Enable this email notification
291,Customer Note - Disable this email notification,WP Admin &gt; WooCommerce &gt; Settings &gt; Emails &gt; Customer Note &gt; Uncheck - Enable this email notification
292,Customer Note - Subject,WP Admin &gt; WooCommerce &gt; Settings &gt; Emails &gt; Customer Note &gt; Subject &gt; Define - Subject of Email notification
293,Customer Note - Email heading,WP Admin &gt; WooCommerce &gt; Settings &gt; Emails &gt; Customer Note &gt; Email heading &gt; Define - Email heading
294,Customer Note - Additional content,WP Admin &gt; WooCommerce &gt; Settings &gt; Emails &gt; Customer Note &gt; Additional content &gt; Define - Text to enter below main email content
295,Customer Note - Email type - HTML,WP Admin &gt; WooCommerce &gt; Settings &gt; Emails &gt; Customer Note &gt; Email type &gt; Select - Email type HTML
296,Customer Note - Email type - Plain text,WP Admin &gt; WooCommerce &gt; Settings &gt; Emails &gt; Customer Note &gt; Email type &gt; Select - Email type Plain text
297,Customer Note - View Template,WP Admin &gt; WooCommerce &gt; Settings &gt; Emails &gt; Customer Note &gt; HTML template &gt; Click - View Template
298,Customer Note - Custom Template,WP Admin &gt; WooCommerce &gt; Settings &gt; Emails &gt; Customer Note &gt; HTML template &gt; Click - Copy file to theme &gt; Edit the template on-screen
299,Reset password Email,WP Admin &gt; WooCommerce &gt; Settings &gt; Emails &gt; Reset password
300,Reset password - Enable this email notification,WP Admin &gt; WooCommerce &gt; Settings &gt; Emails &gt; Reset password &gt; Check - Enable this email notification
301,Reset password - Disable this email notification,WP Admin &gt; WooCommerce &gt; Settings &gt; Emails &gt; Reset password &gt; Uncheck - Enable this email notification
302,Reset password - Subject,WP Admin &gt; WooCommerce &gt; Settings &gt; Emails &gt; Reset password &gt; Subject &gt; Define - Subject of Email notification
303,Reset password - Email heading,WP Admin &gt; WooCommerce &gt; Settings &gt; Emails &gt; Reset password &gt; Email heading &gt; Define - Email heading
304,Reset password - Additional content,WP Admin &gt; WooCommerce &gt; Settings &gt; Emails &gt; Reset password &gt; Additional content &gt; Define - Text to enter below main email content
305,Reset password - Email type - HTML,WP Admin &gt; WooCommerce &gt; Settings &gt; Emails &gt; Reset password &gt; Email type &gt; Select - Email type HTML
306,Reset password - Email type - Plain text,WP Admin &gt; WooCommerce &gt; Settings &gt; Emails &gt; Reset password &gt; Email type &gt; Select - Email type Plain text
307,Reset password - View Template,WP Admin &gt; WooCommerce &gt; Settings &gt; Emails &gt; Reset password &gt; HTML template &gt; Click - View Template
308,Reset password - Custom Template,WP Admin &gt; WooCommerce &gt; Settings &gt; Emails &gt; Reset password &gt; HTML template &gt; Click - Copy file to theme &gt; Edit the template on-screen
309,New account Email,WP Admin &gt; WooCommerce &gt; Settings &gt; Emails &gt; New account
310,New account - Enable this email notification,WP Admin &gt; WooCommerce &gt; Settings &gt; Emails &gt; New account &gt; Check - Enable this email notification
311,New account - Disable this email notification,WP Admin &gt; WooCommerce &gt; Settings &gt; Emails &gt; New account &gt; Uncheck - Enable this email notification
312,New account - Subject,WP Admin &gt; WooCommerce &gt; Settings &gt; Emails &gt; New account &gt; Subject &gt; Define - Subject of Email notification
313,New account - Email heading,WP Admin &gt; WooCommerce &gt; Settings &gt; Emails &gt; New account &gt; Email heading &gt; Define - Email heading
314,New account - Additional content,WP Admin &gt; WooCommerce &gt; Settings &gt; Emails &gt; New account &gt; Additional content &gt; Define - Text to enter below main email content
315,New account - Email type - HTML,WP Admin &gt; WooCommerce &gt; Settings &gt; Emails &gt; New account &gt; Email type &gt; Select - Email type HTML
316,New account - Email type - Plain text,WP Admin &gt; WooCommerce &gt; Settings &gt; Emails &gt; New account &gt; Email type &gt; Select - Email type Plain text
317,New account - View Template,WP Admin &gt; WooCommerce &gt; Settings &gt; Emails &gt; New account &gt; HTML template &gt; Click - View Template
318,New account - Custom Template,WP Admin &gt; WooCommerce &gt; Settings &gt; Emails &gt; New account &gt; HTML template &gt; Click - Copy file to theme &gt; Edit the template on-screen
319,Email sender options - From name,WP Admin &gt; WooCommerce &gt; Settings &gt; Emails &gt; Scroll down to find - Email sender options &gt; Define - From name
320,Email sender options - From Address,WP Admin &gt; WooCommerce &gt; Settings &gt; Emails &gt; Scroll down to find - Email sender options &gt; Define - From address
321,Email template - Header Image,WP Admin &gt; WooCommerce &gt; Settings &gt; Emails &gt; Scroll down to find - Email Template &gt; Define - Header Image
322,Email template - Footer Text,WP Admin &gt; WooCommerce &gt; Settings &gt; Emails &gt; Scroll down to find - Email Template &gt; Define - Footer Text
323,Email template - Base color,WP Admin &gt; WooCommerce &gt; Settings &gt; Emails &gt; Scroll down to find - Email Template &gt; Define - Base color
324,Email template - Background color,WP Admin &gt; WooCommerce &gt; Settings &gt; Emails &gt; Scroll down to find - Email Template &gt; Define - Background color
325,Email template - Body background color,WP Admin &gt; WooCommerce &gt; Settings &gt; Emails &gt; Scroll down to find - Email Template &gt; Define - Body background color
326,Email template - Body text color,WP Admin &gt; WooCommerce &gt; Settings &gt; Emails &gt; Scroll down to find - Email Template &gt; Define - Body text color
327,Email template - Preview template,WP Admin &gt; WooCommerce &gt; Settings &gt; Emails &gt; Scroll down to find - Email Template &gt; Click link that says - Click here to preview your email template.
328,MaxMind Geolocation,WP Admin &gt; WooCommerce &gt; Settings &gt; Integration &gt; MaxMind Geolocation &gt; MaxMind License Key - Enter license key
329,Database File Path,WP Admin &gt; WooCommerce &gt; Settings &gt; Integration &gt; MaxMind Geolocation &gt; Database File Path &gt; Define - Path to save Geolocation database
330,Page Setup - Cart page,WP Admin &gt; WooCommerce &gt; Settings &gt; Advanced &gt; Page Setup &gt; Cart page &gt; Select - Cart page
331,Page Setup - Checkout page,WP Admin &gt; WooCommerce &gt; Settings &gt; Advanced &gt; Page Setup &gt; Checkout page &gt; Select - Checkout page
332,Page Setup - My account page,WP Admin &gt; WooCommerce &gt; Settings &gt; Advanced &gt; Page Setup &gt; My account page &gt; Select - My account page
333,Page Setup - Terms and conditions page,WP Admin &gt; WooCommerce &gt; Settings &gt; Advanced &gt; Page Setup &gt; Terms and conditions page &gt; Select - Terms and conditions page
334,Page Setup - Enable Secure checkout,WP Admin &gt; WooCommerce &gt; Settings &gt; Advanced &gt; Page Setup &gt; Secure checkout &gt; Check - Force secure checkout
335,Page Setup - Disable Secure checkout,WP Admin &gt; WooCommerce &gt; Settings &gt; Advanced &gt; Page Setup &gt; Secure checkout &gt; Uncheck - Force secure checkout
336,Checkout endpoints - Pay,WP Admin &gt; WooCommerce &gt; Settings &gt; Advanced &gt; Page Setup &gt; Checkout endpoints &gt; Pay &gt; Define - Endpoint for Checkout-&gt;Pay page
337,Checkout endpoints - Order received,WP Admin &gt; WooCommerce &gt; Settings &gt; Advanced &gt; Page Setup &gt; Checkout endpoints &gt; Order received &gt; Define - Endpoint for Order confirmation
338,Checkout endpoints - Add payment method,WP Admin &gt; WooCommerce &gt; Settings &gt; Advanced &gt; Page Setup &gt; Checkout endpoints &gt; Add payment method &gt; Define - Endpoint for Add payment method
339,Checkout endpoints - Delete payment method,WP Admin &gt; WooCommerce &gt; Settings &gt; Advanced &gt; Page Setup &gt; Checkout endpoints &gt; Delete payment method &gt; Define - Endpoint for Delete payment method
340,Checkout endpoints - Set default payment method,WP Admin &gt; WooCommerce &gt; Settings &gt; Advanced &gt; Page Setup &gt; Checkout endpoints &gt; Set default payment method &gt; Define - Endpoint for Set default payment method
341,Account endpoints - Orders,WP Admin &gt; WooCommerce &gt; Settings &gt; Advanced &gt; Page Setup &gt; Account endpoints &gt; Orders &gt; Define - Endpoint for Orders
342,Account endpoints - View order,WP Admin &gt; WooCommerce &gt; Settings &gt; Advanced &gt; Page Setup &gt; Account endpoints &gt; View order &gt; Define - Endpoint for View order
343,Account endpoints - Downloads,WP Admin &gt; WooCommerce &gt; Settings &gt; Advanced &gt; Page Setup &gt; Account endpoints &gt; Downloads &gt; Define - Endpoint for Downloads
344,Account endpoints - Edit account,WP Admin &gt; WooCommerce &gt; Settings &gt; Advanced &gt; Page Setup &gt; Account endpoints &gt; Edit account &gt; Define - Endpoint for Edit account
345,Account endpoints - Addresses,WP Admin &gt; WooCommerce &gt; Settings &gt; Advanced &gt; Page Setup &gt; Account endpoints &gt; Addresses &gt; Define - Endpoint for Addresses
346,Account endpoints - Payment methods,WP Admin &gt; WooCommerce &gt; Settings &gt; Advanced &gt; Page Setup &gt; Account endpoints &gt; Payment methods &gt; Define - Endpoint for Payment methods
347,Account endpoints - Lost password,WP Admin &gt; WooCommerce &gt; Settings &gt; Advanced &gt; Page Setup &gt; Account endpoints &gt; Lost password &gt; Define - Endpoint for Lost password
348,Account endpoints - Logout,WP Admin &gt; WooCommerce &gt; Settings &gt; Advanced &gt; Page Setup &gt; Account endpoints &gt; Logout &gt; Define - Endpoint for Logout
349,Advanced - Rest API,WP Admin &gt; WooCommerce &gt; Settings &gt; Advanced &gt; Rest API
350,Advanced - Rest API - Create an API key,WP Admin &gt; WooCommerce &gt; Settings &gt; Advanced &gt; Rest API &gt; Click - Add Key
351,Advanced - Webhooks,WP Admin &gt; WooCommerce &gt; Settings &gt; Advanced &gt; Webhooks
352,Advanced - Webhooks - Add Webhook,WP Admin &gt; WooCommerce &gt; Settings &gt; Advanced &gt; Webhooks &gt; Add Webhook
353,Advanced - Legacy API,WP Admin &gt; WooCommerce &gt; Settings &gt; Advanced &gt; Legacy API
354,Advanced - Enable Legacy API,WP Admin &gt; WooCommerce &gt; Settings &gt; Advanced &gt; Legacy API &gt; Check - Enable the legacy REST API
355,Advanced - Disable Legacy API,WP Admin &gt; WooCommerce &gt; Settings &gt; Advanced &gt; Legacy API &gt; Uncheck - Enable the legacy REST API
356,Advanced - WooCommerce.com,WP Admin &gt; WooCommerce &gt; Settings &gt; Advanced &gt; WooCommerce.com
357,WooCommerce.com - Enable Usage Tracking,WP Admin &gt; WooCommerce &gt; Settings &gt; Advanced &gt; WooCommerce.com &gt; Usage Tracking &gt; Check - Allow usage of WooCommerce to be tracked
358,WooCommerce.com - Disable Usage Tracking,WP Admin &gt; WooCommerce &gt; Settings &gt; Advanced &gt; WooCommerce.com &gt; Usage Tracking &gt; Uncheck - Allow usage of WooCommerce to be tracked
359,WooCommerce.com - Enable Marketplace suggestions,WP Admin &gt; WooCommerce &gt; Settings &gt; Advanced &gt; WooCommerce.com &gt; Marketplace suggestions &gt; Check - Display suggestions within WooCommerce
360,WooCommerce.com - Disable Marketplace suggestions,WP Admin &gt; WooCommerce &gt; Settings &gt; Advanced &gt; WooCommerce.com &gt; Marketplace suggestions &gt; Uncheck - Display suggestions within WooCommerce
361,System Status Report,WP Admin &gt; WooCommerce &gt; Status &gt; System Status
362,Copy System Status Report,WP Admin &gt; WooCommerce &gt; Status &gt; System Status &gt; Click - Get system report
363,Tools,WP Admin &gt; WooCommerce &gt; Status &gt; Tools
364,Tools - WooCommerce transients,WP Admin &gt; WooCommerce &gt; Status &gt; Tools &gt; WooCommerce transients &gt; Click - Clear Transients (Button on right)
365,Tools - Expired transients,WP Admin &gt; WooCommerce &gt; Status &gt; Tools &gt; Expired transients &gt; Click - Clear Transients (Button on right)
366,Tools - Orphaned variations,WP Admin &gt; WooCommerce &gt; Status &gt; Tools &gt; Orphaned variations &gt; Click - Delete Orphaned variations (Button on right)
367,Tools - Used-up download permissions,WP Admin &gt; WooCommerce &gt; Status &gt; Tools &gt; Used-up download permissions &gt; Click - Clean-up download permissions (Button on right)
368,Tools - Product lookup tables,WP Admin &gt; WooCommerce &gt; Status &gt; Tools &gt; Product lookup tables &gt; Click - Regenerate (Button on right)
369,Tools - Term counts,WP Admin &gt; WooCommerce &gt; Status &gt; Tools &gt; Term counts &gt; Click - Recount Terms (Button on right)
370,Tools - Capabilities,WP Admin &gt; WooCommerce &gt; Status &gt; Tools &gt; Capabilities &gt; Click - Reset Capabilities (Button on right)
371,Tools - Clear customer sessions,WP Admin &gt; WooCommerce &gt; Status &gt; Tools &gt; Clear customer sessions &gt; Click - Clear (Button on right)
372,Tools - Create default WooCommerce pages,WP Admin &gt; WooCommerce &gt; Status &gt; Tools &gt; Create default WooCommerce pages &gt; Click - Create Pages (Button on right)
373,Tools - Delete WooCommerce tax rates,WP Admin &gt; WooCommerce &gt; Status &gt; Tools &gt; Delete WooCommerce tax rates &gt; Click - Delete tax rates (Button on right)
374,Tools - Regenerate shop thumbnails,WP Admin &gt; WooCommerce &gt; Status &gt; Tools &gt; Regenerate shop thumbnails &gt; Click - Regenerate (Button on right)
375,Tools - Update database,WP Admin &gt; WooCommerce &gt; Status &gt; Tools &gt; Update database &gt; Click - Update (Button on right)
376,Logs,WP Admin &gt; WooCommerce &gt; Status &gt; Logs
377,Find Logs,WP Admin &gt; WooCommerce &gt; Status &gt; Logs &gt; Select - Log under drop-down (right side) &gt; Click - View button
378,Fatal Error Logs,WP Admin &gt; WooCommerce &gt; Status &gt; Logs &gt; Select - Latest Fatal Error Log under drop-down (right side) &gt; Click - View button
379,Scheduled Actions,WP Admin &gt; WooCommerce &gt; Status &gt; Scheduled Actions
380,Scheduled Actions - All,WP Admin &gt; WooCommerce &gt; Status &gt; Scheduled Actions &gt; All
381,Scheduled Actions - Canceled,WP Admin &gt; WooCommerce &gt; Status &gt; Scheduled Actions &gt; Canceled
382,Scheduled Actions - Pending,WP Admin &gt; WooCommerce &gt; Status &gt; Scheduled Actions &gt; Pending
383,Scheduled Actions - Complete,WP Admin &gt; WooCommerce &gt; Status &gt; Scheduled Actions &gt; Complete
384,Extensions,WP Admin &gt; WooCommerce &gt; Extensions &gt; Browse Extenisons
385,WooCommerce.com Subscriptions,WP Admin &gt; WooCommerce &gt; Extensions &gt; WooCommerce.com Subscriptions
386,Connect WooCommerce.com Account,WP Admin &gt; WooCommerce &gt; Extensions &gt; WooCommerce.com Subscriptions &gt; Click - Connect
387,Disconnect WooCommerce.com Account,WP Admin &gt; WooCommerce &gt; Extensions &gt; WooCommerce.com Subscriptions &gt; Hover over Connected to WooCommerce.com &gt; Click - Disconnect
388,Updated WooCommerce.com Connection,WP Admin &gt; WooCommerce &gt; Extensions &gt; WooCommerce.com Subscriptions &gt; Click - Update (top-left next to Subscriptions)
389,Activate Extenison,WP Admin &gt; WooCommerce &gt; Extensions &gt; WooCommerce.com Subscriptions &gt; Find the extension &gt; Click - Toggle button (Active / Inactive)
390,Products - All Products,WP Admin &gt; Products &gt; All Products
391,Products - Add New Product,WP Admin &gt; Products &gt; Add new
392,Products - Import,WP Admin &gt; Products &gt; All Products &gt; Import
393,Products - Export,WP Admin &gt; Products &gt; All Products &gt; Export
394,Products - Sorting,WP Admin &gt; Products &gt; All Products &gt; Sorting
395,Products - Screen Options,WP Admin &gt; Products &gt; All Products &gt; Click - Screen Options
396,Edit Product,WP Admin &gt; Products &gt; Hover over the product &gt; Click - Edit (below product name)
397,Trash Product,WP Admin &gt; Products &gt; Hover over the product &gt; Click - Trash (below product name)
398,Duplicate Product,WP Admin &gt; Products &gt; Hover over the product &gt; Click - Duplicate (below product name)
399,View Product,WP Admin &gt; Products &gt; Hover over the product &gt; Click - View (below product name)
400,Product Edit - Update Product Name,Product Edit Page &gt; Define - Product name &gt; Click - Update (top right)
401,Product Edit - Update Description,Product Edit Page &gt; Define - Product Description &gt; Click - Update (top right)
402,Product Edit - Update Short Description,Product Edit Page &gt; Scroll down &gt; Define - Product Short Description &gt; Click - Update (top right)
403,Product Visibility - Public,Product Edit Page &gt; Publish Section (right sidebar) &gt; Product Visibility &gt; Select - Public
404,Product Visibility - Password Protected,Product Edit Page &gt; Publish Section (right sidebar) &gt; Product Visibility &gt; Select - Password Protected
405,Product Visibility - Private,Product Edit Page &gt; Publish Section (right sidebar) &gt; Product Visibility &gt; Select - Private
406,Catalog Visibility - Shop and search results,Product Edit Page &gt; Publish Section (right sidebar) &gt; Catalog Visibility &gt; Click - Edit &gt; Select - Shop and search results
407,Catalog Visibility - Shop only,Product Edit Page &gt; Publish Section (right sidebar) &gt; Catalog Visibility &gt; Click - Edit &gt; Select - Shop only
408,Catalog Visibility - Search results only,Product Edit Page &gt; Publish Section (right sidebar) &gt; Catalog Visibility &gt; Click - Edit &gt; Select - Search results only
409,Catalog Visibility - Hidden,Product Edit Page &gt; Publish Section (right sidebar) &gt; Catalog Visibility &gt; Click - Edit &gt; Select - Hidden
410,Catalog Visibility - Featured Product,Product Edit Page &gt; Publish Section (right sidebar) &gt; Catalog Visibility &gt; Click - Edit &gt; Check - Featured Product
411,Product Edit - Assign Category,Product Edit Page &gt; Category Section (right sidebar) &gt; Check - Category
412,Product Edit - Add Tags,Product Edit Page &gt; Product Tag Section (right sidebar) &gt; Assign - Tags
413,Product Edit - Product Image,Product Edit Page &gt; Product Image Section (right sidebar) &gt; Click - Set product image &gt; Assign - Image
414,Product Edit - Product Gallery,Product Edit Page &gt; Product Gallery Section (right sidebar) &gt; Click - Add product gallery images &gt; Assign - Images
415,Product data - Simple Product,Product Edit Page &gt; Product data &gt; Select - Simple Product
416,Product data - Virtual Product,Product Edit Page &gt; Product data &gt; Check - Virtual field
417,Product data - Downloadable,Product Edit Page &gt; Product data &gt; Check - Downloadable field
418,Product data - Virtual Downlodable,Product Edit Page &gt; Product data &gt; Check - Both Virtual and Downloadable field
419,Product data - General - Regular Price,Product Edit Page &gt; Product data &gt; General &gt; Define - Regular Price
420,Product data - General - Sale Price,Product Edit Page &gt; Product data &gt; General &gt; Define - Sale Price
421,Product data - General - Tax status - Taxable,Product Edit Page &gt; Product data &gt; General &gt; Tax status &gt; Select - Taxable
422,Product data - General - Tax status - Shipping Only,Product Edit Page &gt; Product data &gt; General &gt; Tax status &gt; Select - Shipping Only
423,Product data - General - Tax status - None,Product Edit Page &gt; Product data &gt; General &gt; Tax status &gt; Select - None
424,Product data - General - Tax class,Product Edit Page &gt; Product data &gt; General &gt; Tax class &gt; Select - Tax class
425,Product data - Inventory - SKU,Product Edit Page &gt; Product data &gt; Inventory &gt; Define - SKU
426,Product data - Inventory - Manage stock,Product Edit Page &gt; Product data &gt; Inventory &gt; Manage stock &gt; Check - Enable stock management at product level
427,Inventory - Stock Status - In Stock,Product Edit Page &gt; Product data &gt; Inventory &gt; Stock Status &gt; Define - In Stock
428,Inventory - Stock Status - Out of Stock,Product Edit Page &gt; Product data &gt; Inventory &gt; Stock Status &gt; Define - Out of Stock
429,Inventory - Stock Status - In backorder,Product Edit Page &gt; Product data &gt; Inventory &gt; Stock Status &gt; Define - In backorder
430,Sold individually,Product Edit Page &gt; Product data &gt; Inventory &gt; Check - Enable this to only allow one of this item to be bought in a single order
431,Inventory - Stock quantity,Product Edit Page &gt; Product data &gt; Inventory &gt; Stock quantity &gt; Define - Stock quantity
432,Allow backorders? - Do not allow,Product Edit Page &gt; Product data &gt; Inventory &gt; Allow backorders? &gt; Select - Do not allow
433,"Allow backorders? - Allow, but notify customers","Product Edit Page &gt; Product data &gt; Inventory &gt; Allow backorders? &gt; Select - Allow, but notify customers"
434,Allow backorders? - Allow,Product Edit Page &gt; Product data &gt; Inventory &gt; Allow backorders? &gt; Select - Allow
435,Low stock threshold,Product Edit Page &gt; Product data &gt; Inventory &gt; Low stock threshold &gt; Define - Low stock threshold
436,Shipping - Weight and Dimensions,Product Edit Page &gt; Product data &gt; Shipping &gt; Define - Weight and dimensions here
437,Product Shipping Class,Product Edit Page &gt; Product data &gt; Shipping &gt; Select - Product Shipping class
438,Upsells,Product Edit Page &gt; Product data &gt; Linked Products &gt; Configure - Upsells
439,Cross-sells,Product Edit Page &gt; Product data &gt; Linked Products &gt; Configure - Cross-sells
440,Attribute - Add Product Level,Product Edit Page &gt; Product data &gt; Attributes &gt; Custom Product Attribute &gt; Click - Add
441,Attribute - Select Global Attribute,Product Edit Page &gt; Product data &gt; Attributes &gt; Select - Global Attribute &gt; Click - Add
442,Attribute - Display on Product Page,Product Edit Page &gt; Product data &gt; Attributes &gt; Edit Attribute &gt; Check - Display on Product Page
443,Attribute - Hide on Product Page,Product Edit Page &gt; Product data &gt; Attributes &gt; Edit Attribute &gt; Uncheck - Display on Product Page
444,Purchase note,Product Edit Page &gt; Product data &gt; Advanced &gt; Define - Purchase note
445,Menu Order,Product Edit Page &gt; Product data &gt; Advanced &gt; Define - Order Position
446,Enable reviews,Product Edit Page &gt; Product data &gt; Advanced &gt; Check - Enable reviews
447,Disable reviews,Product Edit Page &gt; Product data &gt; Advanced &gt; Uncheck - Enable reviews
448,Linked Products - Grouped Products,Product Edit Page &gt; Product data &gt; Linked Products &gt; Configure - Grouped Products
449,External Product - Product URL,Product Edit Page &gt; Product data &gt; General &gt; Define - Product URL
450,External Product - Button text,Product Edit Page &gt; Product data &gt; General &gt; Define - Button text
451,Attribute - Available for Variations,Product Edit Page &gt; Product data &gt; Attributes &gt; Select - Attribute &gt; Check - Used for Variations
452,Attribute - Unavailable for Variations,Product Edit Page &gt; Product data &gt; Attributes &gt; Select - Attribute &gt; Uncheck - Used for Variations
453,Enable Variation,Product Edit Page &gt; Product data &gt; Variations &gt; Select - Variation &gt; Check - Enable
454,Disable Variation,Product Edit Page &gt; Product data &gt; Variations &gt; Select - Variation &gt; Uncheck - Enable
455,Variation - Virtual,Product Edit Page &gt; Product data &gt; Variations &gt; Select - Variation &gt; Check - Virtual
456,Variation - Physical Variation,Product Edit Page &gt; Product data &gt; Variations &gt; Select - Variation &gt; Uncheck - Virtual
457,Variation - Downloadable,Product Edit Page &gt; Product data &gt; Variations &gt; Select - Variation &gt; Check - Downloadable
458,Variation - Not Downloadable,Product Edit Page &gt; Product data &gt; Variations &gt; Select - Variation &gt; Uncheck - Downloadable
459,Variation - Virtual and Downloadable,Product Edit Page &gt; Product data &gt; Variations &gt; Select - Variation &gt; Check - Both Virtual and Downloadable field
460,Variation - Manage Stock,Product Edit Page &gt; Product data &gt; Variations &gt; Select - Variation &gt; Check - Manage Stock
461,Variation - In stock,Product Edit Page &gt; Product data &gt; Variations &gt; Select - Variation &gt; Stock Status &gt; Define - In backorder
462,Variation - Out of stock,Product Edit Page &gt; Product data &gt; Variations &gt; Select - Variation &gt; Stock Status &gt; Define - Out of Stock
463,Variation - In backorder,Product Edit Page &gt; Product data &gt; Variations &gt; Select - Variation &gt; Stock Status &gt; Define - In backorder
464,Variation - Stock Quantity,Product Edit Page &gt; Product data &gt; Variations &gt; Select - Variation &gt; Define - Stock Quantity
465,Variation - backorders? - Do not allow,Product Edit Page &gt; Product data &gt; Variations &gt; Select - Variation &gt; Allow backorders? &gt; Select - Do not allow
466,"Variation - backorders? - Allow, but notify customers","Product Edit Page &gt; Product data &gt; Variations &gt; Select - Variation &gt; Allow backorders? &gt; Select - Allow, but notify customers"
467,Variation - backorders? - Allow,Product Edit Page &gt; Product data &gt; Variations &gt; Select - Variation &gt; Allow backorders? &gt; Select - Allow
468,Variation - Regular price for Variation,Product Edit Page &gt; Product data &gt; Variations &gt; Select - Variation &gt; Define - Regular price
469,Variation - Sale Price for variation,Product Edit Page &gt; Product data &gt; Variations &gt; Select - Variation &gt; Define Sale price
470,Variation - Shipping Class,Product Edit Page &gt; Product data &gt; Variations &gt; Select - Variation &gt; Select - Shipping Class
471,Variation - Tax Class,Product Edit Page &gt; Product data &gt; Variations &gt; Select - Variation &gt; Select - Tax Class
472,Variation - Weight and Dimensions,Product Edit Page &gt; Product data &gt; Variations &gt; Select - Variation &gt; Define - Weight and Dimensions
473,Variation - Description,Product Edit Page &gt; Product data &gt; Variations &gt; Select - Variation &gt; Define - Description
474,Product - Categories,WP Admin &gt; Products &gt; Categories
475,Product - Global Attributes,WP Admin &gt; Products &gt; Attributes
476,Product - Tabs,WP Admin &gt; Products &gt; Tabs
477,Analytics - Revenue,WP Admin &gt; Analytics &gt; Revenue
478,Analytics - Orders,WP Admin &gt; Analytics &gt; Orders
479,Analytics - Products,WP Admin &gt; Analytics &gt; Products
480,Analytics - Categories,WP Admin &gt; Analytics &gt; Categories
481,Analytics - Coupons,WP Admin &gt; Analytics &gt; Coupons
482,Analytics - Taxes,WP Admin &gt; Analytics &gt; Taxes
483,Analytics - Downloads,WP Admin &gt; Analytics &gt; Downloads
484,Analytics - Stock,WP Admin &gt; Analytics &gt; Stock
485,Analytics - Settings,WP Admin &gt; Analytics &gt; Settings
486,Analytics - Excluded Statuses,WP Admin &gt; Analytics &gt; Settings &gt; Excluded Statuses &gt; Check - Status that needs to be excluded from Analytics
487,Analytics - Actionable Statuses,WP Admin &gt; Analytics &gt; Settings &gt; Actionable Statuses &gt; Check - Status that needs action from store admin
488,Analytics - Default Date Range,WP Admin &gt; Analytics &gt; Settings &gt; Default Date Range &gt; Configure - Default date range
489,Analytics - Import Historical Data,WP Admin &gt; Analytics &gt; Settings &gt; Import Historical Data
490,Coupon - Percentage Discount,WP Admin &gt; Marketing &gt; Coupons &gt; Edit Coupon &gt; General &gt; Discount type - Percentage Discount
491,Coupon - Fixed cart discount,WP Admin &gt; Marketing &gt; Coupons &gt; Edit Coupon &gt; General &gt; Discount type - Fixed cart discount
492,Coupon - Fixed product discount,WP Admin &gt; Marketing &gt; Coupons &gt; Edit Coupon &gt; General &gt; Discount type - Percentage Discount
493,Coupon - Allow free shipping,WP Admin &gt; Marketing &gt; Coupons &gt; Edit Coupon &gt; General &gt; Allow free shipping &gt; Check - Check this box if the coupon grants free shipping
494,Coupon - Coupon expiry date,WP Admin &gt; Marketing &gt; Coupons &gt; Edit Coupon &gt; General &gt; Coupon expiry date &gt; Define - Coupon expiry date
495,Coupon - Minimum spend,WP Admin &gt; Marketing &gt; Coupons &gt; Edit Coupon &gt; Usage Restriction &gt; Minimum spend &gt; Define - Minimum Spend allowed to use the coupon
496,Coupon - Maximum spend,WP Admin &gt; Marketing &gt; Coupons &gt; Edit Coupon &gt; Usage Restriction &gt; Maximum spend &gt; Define - Minimum Spend allowed to use the coupon
497,Coupon - Individual use only,WP Admin &gt; Marketing &gt; Coupons &gt; Edit Coupon &gt; Usage Restriction &gt; Individual use only &gt; Check - Check this box if the coupon cannot be used in conjunction with other coupons
498,Coupon - Exclude sale items,WP Admin &gt; Marketing &gt; Coupons &gt; Edit Coupon &gt; Usage Restriction &gt; Exclude sale items &gt; Check - Check this box if the coupon should not apply to items on sale
499,Coupon - Products,WP Admin &gt; Marketing &gt; Coupons &gt; Edit Coupon &gt; Usage Restriction &gt; Products &gt; Define - Products
500,Coupon - Exclude products,WP Admin &gt; Marketing &gt; Coupons &gt; Edit Coupon &gt; Usage Restriction &gt; Exclude products &gt; Define - Products
501,Coupon - Product categories,WP Admin &gt; Marketing &gt; Coupons &gt; Edit Coupon &gt; Usage Restriction &gt; Product categories &gt; Define - Categories
502,Coupon - Exclude categories,WP Admin &gt; Marketing &gt; Coupons &gt; Edit Coupon &gt; Usage Restriction &gt; Exclude categories &gt; Define - Categories
503,Coupon - Allowed emails,WP Admin &gt; Marketing &gt; Coupons &gt; Edit Coupon &gt; Usage Restriction &gt; Allowed emails &gt; Define - email addresses
504,Coupon - Usage limit per coupon,WP Admin &gt; Marketing &gt; Coupons &gt; Edit Coupon &gt; Usage limits &gt; Usage limit per coupon &gt; Define - No of times coupon can be used
505,Coupon - Limit usage to X items,WP Admin &gt; Marketing &gt; Coupons &gt; Edit Coupon &gt; Usage limits &gt; Limit usage to X items &gt; Define - No of items the coupon can be applied to
506,Coupon - Usage limit per user,WP Admin &gt; Marketing &gt; Coupons &gt; Edit Coupon &gt; Usage limits &gt; Define - No of times the same user can use this coupon
507,Store Notice,WP Admin &gt; Appearance &gt; Customize &gt; WooCommerce &gt; Store Notice &gt; Define - Store notice &gt; Check - Enable Store Notice &gt; Click - Publish
508,Shop Page - Show Products,WP Admin &gt; Appearance &gt; Customize &gt; WooCommerce &gt; Product Catalog &gt; Shop Page display &gt; Select - Show products
509,Shop Page - Show Categories,WP Admin &gt; Appearance &gt; Customize &gt; WooCommerce &gt; Product Catalog &gt; Shop Page display &gt; Select - Show categories
510,Shop Page - Show Categories and Products,WP Admin &gt; Appearance &gt; Customize &gt; WooCommerce &gt; Product Catalog &gt; Shop Page display &gt; Select - Show categories and products
511,Category display - Show Products,WP Admin &gt; Appearance &gt; Customize &gt; WooCommerce &gt; Product Catalog &gt; Category display &gt; Select - Show products
512,Category display - Show subcategories,WP Admin &gt; Appearance &gt; Customize &gt; WooCommerce &gt; Product Catalog &gt; Category display &gt; Select - Show subcategories
513,Category display - Show subcategories and Products,WP Admin &gt; Appearance &gt; Customize &gt; WooCommerce &gt; Product Catalog &gt; Category display &gt; Select - Show subcategories and products
514,Product - Default sorting (custom ordering + name),WP Admin &gt; Appearance &gt; Customize &gt; WooCommerce &gt; Product Catalog &gt; Default product sorting &gt; Select - Default sorting (custom ordering + name)
515,Default product sorting - Popularity (sales),WP Admin &gt; Appearance &gt; Customize &gt; WooCommerce &gt; Product Catalog &gt; Default product sorting &gt; Select - Popularity (sales)
516,Default product sorting - Average rating,WP Admin &gt; Appearance &gt; Customize &gt; WooCommerce &gt; Product Catalog &gt; Default product sorting &gt; Select - Average rating
517,Default product sorting - Sort by most recent,WP Admin &gt; Appearance &gt; Customize &gt; WooCommerce &gt; Product Catalog &gt; Default product sorting &gt; Select - Sort by most recent
518,Default product sorting - Sort by price (asc),WP Admin &gt; Appearance &gt; Customize &gt; WooCommerce &gt; Product Catalog &gt; Default product sorting &gt; Select - Sort by price (asc)
519,Default product sorting - Sort by price (desc),WP Admin &gt; Appearance &gt; Customize &gt; WooCommerce &gt; Product Catalog &gt; Default product sorting &gt; Select - Sort by price (desc)
520,Product Catalog - Products per row,WP Admin &gt; Appearance &gt; Customize &gt; WooCommerce &gt; Product Catalog &gt; Products per row &gt; Define - Products per row
521,Product Catalog - Rows per page,WP Admin &gt; Appearance &gt; Customize &gt; WooCommerce &gt; Product Catalog &gt; Products per row &gt; Define - Rows per page
522,Product Page - Sticky Add-To-Cart,WP Admin &gt; Appearance &gt; Customize &gt; WooCommerce &gt; Product Page &gt; Check - Sticky Add-To-Cart
523,Product Page - Disable Sticky Add-To-Cart,WP Admin &gt; Appearance &gt; Customize &gt; WooCommerce &gt; Product Page &gt; Uncheck - Sticky Add-To-Cart
524,Product Page - Product Pagination,WP Admin &gt; Appearance &gt; Customize &gt; WooCommerce &gt; Product Page &gt; Check - Product Pagination
525,Product Page - Disable Product Pagination,WP Admin &gt; Appearance &gt; Customize &gt; WooCommerce &gt; Product Page &gt; Unheck - Product Pagination
526,Product Images - Thumbnail cropping - 1:1,WP Admin &gt; Appearance &gt; Customize &gt; WooCommerce &gt; Product Images &gt; Thumbnail cropping &gt; Select - 1:1
527,Product Images - Thumbnail cropping - Custom,WP Admin &gt; Appearance &gt; Customize &gt; WooCommerce &gt; Product Images &gt; Thumbnail cropping &gt; Select - Custom
528,Product Images - Thumbnail cropping - Uncropped,WP Admin &gt; Appearance &gt; Customize &gt; WooCommerce &gt; Product Images &gt; Thumbnail cropping &gt; Select - Uncropped
529,Company name field - Hidden,WP Admin &gt; Appearance &gt; Customize &gt; WooCommerce &gt; Checkout &gt; Company name field &gt; Select - Hidden
530,Company name field - Optional,WP Admin &gt; Appearance &gt; Customize &gt; WooCommerce &gt; Checkout &gt; Company name field &gt; Select - Optional
531,Company name field - Required,WP Admin &gt; Appearance &gt; Customize &gt; WooCommerce &gt; Checkout &gt; Company name field &gt; Select - Required
532,Address line 2 field - Hidden,WP Admin &gt; Appearance &gt; Customize &gt; WooCommerce &gt; Checkout &gt; Address line 2 field &gt; Select - Hidden
533,Address line 2 field - Optional,WP Admin &gt; Appearance &gt; Customize &gt; WooCommerce &gt; Checkout &gt; Address line 2 field &gt; Select - Optional
534,Address line 2 field - Required,WP Admin &gt; Appearance &gt; Customize &gt; WooCommerce &gt; Checkout &gt; Address line 2 field &gt; Select - Required
535,Phone field - Hidden,WP Admin &gt; Appearance &gt; Customize &gt; WooCommerce &gt; Checkout &gt; Phone field &gt; Select - Hidden
536,Phone field - Optional,WP Admin &gt; Appearance &gt; Customize &gt; WooCommerce &gt; Checkout &gt; Phone field &gt; Select - Optional
537,Phone field - Required,WP Admin &gt; Appearance &gt; Customize &gt; WooCommerce &gt; Checkout &gt; Phone field &gt; Select - Required
538,Checkout - Highlight required fields with an asterisk,WP Admin &gt; Appearance &gt; Customize &gt; WooCommerce &gt; Checkout &gt; Check - Highlight required fields with an asterisk
539,Don&apos;t Highlight required fields with an asterisk,WP Admin &gt; Appearance &gt; Customize &gt; WooCommerce &gt; Checkout &gt; Uncheck - Highlight required fields with an asterisk
540,Checkout - Privacy policy page,WP Admin &gt; Appearance &gt; Customize &gt; WooCommerce &gt; Checkout &gt; Privacy policy page &gt; Select - Privacy policy page
541,Checkout - Terms and conditions page,WP Admin &gt; Appearance &gt; Customize &gt; WooCommerce &gt; Checkout &gt; Terms and conditions page &gt; Select - Terms and conditions page
542,Checkout - Privacy policy,WP Admin &gt; Appearance &gt; Customize &gt; WooCommerce &gt; Checkout &gt; Privacy policy &gt; Define - Privacy policy
543,Checkout - Terms and conditions,WP Admin &gt; Appearance &gt; Customize &gt; WooCommerce &gt; Checkout &gt; Terms and conditions &gt; Define - Terms and conditions
544,Permalinks - Product category base,WP Admin &gt; Settings &gt; Permalinks &gt; Optional &gt; Define - Product category base
545,Permalinks - Product tag base,WP Admin &gt; Settings &gt; Permalinks &gt; Optional &gt; Define - Product tag base
546,Permalinks - Product attribute base,WP Admin &gt; Settings &gt; Permalinks &gt; Optional &gt; Define - Product attribute base
547,Product permalinks - Default,WP Admin &gt; Settings &gt; Permalinks &gt; Product Permalinks &gt; Select - Default
548,Product permalinks - Shop base,WP Admin &gt; Settings &gt; Permalinks &gt; Product Permalinks &gt; Select - Shop base
549,Product permalinks - Shop base with category,WP Admin &gt; Settings &gt; Permalinks &gt; Product Permalinks &gt; Select - Shop base with category
550,Product permalinks - Custom base,WP Admin &gt; Settings &gt; Permalinks &gt; Product Permalinks &gt; Select - Custom base
551,Account Dashboard - Front end,Store &gt; My Account page&gt; Dashboard
552,Order list - Front end,Store &gt; My Account page&gt; Orders
553,View Order - Front end,Store &gt; My Account page&gt; Orders &gt; Click - Order# or View Button
554,Order Again,Store &gt; My Account page&gt; Orders &gt; Click - Order# or View Button &gt; Click - Order Again button (btttom of the page)
555,Access Download (View Order Page),Store &gt; My Account page&gt; Orders &gt; Click - Order# or View Button
556,Access Downloads,Store &gt; My Account page&gt; Downloads
557,View Billing / Shipping Addresses - Front end,Store &gt; My Account page&gt; Addresses
558,Update Billing / Shipping Addresses - Front end,Store &gt; My Account page&gt; Addresses &gt; Click - Pencil icon to edit/update the address
559,Update First name,Store &gt; My Account page&gt; Account details &gt; Update - First name
560,Update Last name,Store &gt; My Account page&gt; Account details &gt; Update - Last name
561,Update Display name,Store &gt; My Account page&gt; Account details &gt; Update - Display name
562,Update Email Address - Front end,Store &gt; My Account page&gt; Account details &gt; Update - Email Address
563,Update Password - Front end,Store &gt; My Account page&gt; Account details &gt; Update - Password
564,Add/Remove Payment method - Front end,Store &gt; My Account page&gt; Account details &gt; Add/Remove - Payment methods
565,Marketing,WP Admin &gt; Marketing &gt; Overview